,item,Sentence,token,word,word_pos,sum_surprisal,sum_surprisal_base2,mean_surprisal,mean_surprisal_base2
0,1,The suspect showed the file .,The,The,0,7.6898956298828125,11.094174290185645,7.6898956298828125,11.094174290185645
0,1,The suspect showed the file .,suspect,suspect,1,9.20638656616211,13.282008243508848,9.20638656616211,13.282008243508848
0,1,The suspect showed the file .,showed,showed,2,8.865823745727539,12.790679951356735,8.865823745727539,12.790679951356735
0,1,The suspect showed the file .,the,the,3,3.670410633087158,5.295283218380964,3.670410633087158,5.295283218380964
0,1,The suspect showed the file .,file,file,4,8.416695594787598,12.142724995272053,8.416695594787598,12.142724995272053
0,1,The suspect showed the file .,.,.,5,9.1423978805542,13.189692084109314,9.1423978805542,13.189692084109314
1,1,The suspect changed the file .,The,The,0,7.6898956298828125,11.094174290185645,7.6898956298828125,11.094174290185645
1,1,The suspect changed the file .,suspect,suspect,1,9.20638656616211,13.282008243508848,9.20638656616211,13.282008243508848
1,1,The suspect changed the file .,changed,changed,2,9.988092422485352,14.40977140586025,9.988092422485352,14.40977140586025
1,1,The suspect changed the file .,the,the,3,1.5254042148590088,2.200693096128215,1.5254042148590088,2.200693096128215
1,1,The suspect changed the file .,file,file,4,7.545005798339844,10.885142448743368,7.545005798339844,10.885142448743368
1,1,The suspect changed the file .,.,.,5,9.410575866699219,13.576591134796322,9.410575866699219,13.576591134796322
2,1,The suspect sent the file .,The,The,0,7.6898956298828125,11.094174290185645,7.6898956298828125,11.094174290185645
2,1,The suspect sent the file .,suspect,suspect,1,9.20638656616211,13.282008243508848,9.20638656616211,13.282008243508848
2,1,The suspect sent the file .,sent,sent,2,8.614473342895508,12.42805797166552,8.614473342895508,12.42805797166552
2,1,The suspect sent the file .,the,the,3,1.9874951839447021,2.86734944566772,1.9874951839447021,2.86734944566772
2,1,The suspect sent the file .,file,file,4,7.1262288093566895,10.28097496349896,7.1262288093566895,10.28097496349896
2,1,The suspect sent the file .,.,.,5,9.793981552124023,14.129728615807322,9.793981552124023,14.129728615807322
3,2,The corrupt politician mentioned the bill .,The,The,0,7.6898956298828125,11.094174290185645,7.6898956298828125,11.094174290185645
3,2,The corrupt politician mentioned the bill .,corrupt,corrupt,1,10.824807167053223,15.616895618486994,10.824807167053223,15.616895618486994
3,2,The corrupt politician mentioned the bill .,politician,politician,2,5.956948280334473,8.594059742870582,5.956948280334473,8.594059742870582
3,2,The corrupt politician mentioned the bill .,mentioned,mentioned,3,9.117837905883789,13.154259530447954,9.117837905883789,13.154259530447954
3,2,The corrupt politician mentioned the bill .,the,the,4,4.231217861175537,6.104357025238754,4.231217861175537,6.104357025238754
3,2,The corrupt politician mentioned the bill .,bill,bill,5,6.275603294372559,9.053781751377732,6.275603294372559,9.053781751377732
3,2,The corrupt politician mentioned the bill .,.,.,6,7.924409866333008,11.432506816130203,7.924409866333008,11.432506816130203
4,2,The corrupt politician signed the bill .,The,The,0,7.6898956298828125,11.094174290185645,7.6898956298828125,11.094174290185645
4,2,The corrupt politician signed the bill .,corrupt,corrupt,1,10.824807167053223,15.616895618486994,10.824807167053223,15.616895618486994
4,2,The corrupt politician signed the bill .,politician,politician,2,5.956948280334473,8.594059742870582,5.956948280334473,8.594059742870582
4,2,The corrupt politician signed the bill .,signed,signed,3,8.678789138793945,12.520846051459023,8.678789138793945,12.520846051459023
4,2,The corrupt politician signed the bill .,the,the,4,2.3764476776123047,3.428489279423366,2.3764476776123047,3.428489279423366
4,2,The corrupt politician signed the bill .,bill,bill,5,2.6485557556152344,3.82105825414402,2.6485557556152344,3.82105825414402
4,2,The corrupt politician signed the bill .,.,.,6,9.179481506347656,13.243192447139716,9.179481506347656,13.243192447139716
5,2,The corrupt politician handed the bill .,The,The,0,7.6898956298828125,11.094174290185645,7.6898956298828125,11.094174290185645
5,2,The corrupt politician handed the bill .,corrupt,corrupt,1,10.824807167053223,15.616895618486994,10.824807167053223,15.616895618486994
5,2,The corrupt politician handed the bill .,politician,politician,2,5.956948280334473,8.594059742870582,5.956948280334473,8.594059742870582
5,2,The corrupt politician handed the bill .,handed,handed,3,8.685914993286133,12.531126486396998,8.685914993286133,12.531126486396998
5,2,The corrupt politician handed the bill .,the,the,4,2.529542922973633,3.6493590306898334,2.529542922973633,3.6493590306898334
5,2,The corrupt politician handed the bill .,bill,bill,5,4.857691287994385,7.008167131359021,4.857691287994385,7.008167131359021
5,2,The corrupt politician handed the bill .,.,.,6,10.533615112304688,15.196794285155015,10.533615112304688,15.196794285155015
6,3,The woman maintained the mail .,The,The,0,7.6898956298828125,11.094174290185645,7.6898956298828125,11.094174290185645
6,3,The woman maintained the mail .,woman,woman,1,7.634151935577393,11.013753138850387,7.634151935577393,11.013753138850387
6,3,The woman maintained the mail .,maintained,maintained,2,11.68727970123291,16.861180466450968,11.68727970123291,16.861180466450968
6,3,The woman maintained the mail .,the,the,3,2.81974458694458,4.068031532158444,2.81974458694458,4.068031532158444
6,3,The woman maintained the mail .,mail,mail,4,10.971455574035645,15.8284645479948,10.971455574035645,15.8284645479948
6,3,The woman maintained the mail .,.,.,5,10.30687141418457,14.869672276324298,10.30687141418457,14.869672276324298
7,3,The woman moved the mail .,The,The,0,7.6898956298828125,11.094174290185645,7.6898956298828125,11.094174290185645
7,3,The woman moved the mail .,woman,woman,1,7.634151935577393,11.013753138850387,7.634151935577393,11.013753138850387
7,3,The woman moved the mail .,moved,moved,2,8.363144874572754,12.065467636782063,8.363144874572754,12.065467636782063
7,3,The woman moved the mail .,the,the,3,3.8077523708343506,5.493425462335911,3.8077523708343506,5.493425462335911
7,3,The woman moved the mail .,mail,mail,4,8.37778091430664,12.086582978724396,8.37778091430664,12.086582978724396
7,3,The woman moved the mail .,.,.,5,9.405705451965332,13.569564611612671,9.405705451965332,13.569564611612671
8,3,The woman brought the mail .,The,The,0,7.6898956298828125,11.094174290185645,7.6898956298828125,11.094174290185645
8,3,The woman brought the mail .,woman,woman,1,7.634151935577393,11.013753138850387,7.634151935577393,11.013753138850387
8,3,The woman brought the mail .,brought,brought,2,7.915666103363037,11.41989223265472,7.915666103363037,11.41989223265472
8,3,The woman brought the mail .,the,the,3,1.9130817651748657,2.7599935754328833,1.9130817651748657,2.7599935754328833
8,3,The woman brought the mail .,mail,mail,4,7.835043907165527,11.303578990014994,7.835043907165527,11.303578990014994
8,3,The woman brought the mail .,.,.,5,8.650766372680664,12.480417745755402,8.650766372680664,12.480417745755402
9,4,The boy found the chicken .,The,The,0,7.6898956298828125,11.094174290185645,7.6898956298828125,11.094174290185645
9,4,The boy found the chicken .,boy,boy,1,8.478473663330078,12.231851908393987,8.478473663330078,12.231851908393987
9,4,The boy found the chicken .,found,found,2,6.247867584228516,9.013767579897388,6.247867584228516,9.013767579897388
9,4,The boy found the chicken .,the,the,3,2.539238691329956,3.663347067615109,2.539238691329956,3.663347067615109
9,4,The boy found the chicken .,chicken,chicken,4,7.992744445800781,11.531092775049594,7.992744445800781,11.531092775049594
9,4,The boy found the chicken .,.,.,5,8.147188186645508,11.75390799406262,8.147188186645508,11.75390799406262
10,4,The boy attacked the chicken .,The,The,0,7.6898956298828125,11.094174290185645,7.6898956298828125,11.094174290185645
10,4,The boy attacked the chicken .,boy,boy,1,8.478473663330078,12.231851908393987,8.478473663330078,12.231851908393987
10,4,The boy attacked the chicken .,attacked,attacked,2,6.458660125732422,9.317876934181454,6.458660125732422,9.317876934181454
10,4,The boy attacked the chicken .,the,the,3,2.429431915283203,3.5049293763564537,2.429431915283203,3.5049293763564537
10,4,The boy attacked the chicken .,chicken,chicken,4,8.438411712646484,12.174054730814428,8.438411712646484,12.174054730814428
10,4,The boy attacked the chicken .,.,.,5,8.083800315856934,11.662458627223435,8.083800315856934,11.662458627223435
11,4,The boy fed the chicken .,The,The,0,7.6898956298828125,11.094174290185645,7.6898956298828125,11.094174290185645
11,4,The boy fed the chicken .,boy,boy,1,8.478473663330078,12.231851908393987,8.478473663330078,12.231851908393987
11,4,The boy fed the chicken .,fed,fed,2,11.27804946899414,16.270786039818255,11.27804946899414,16.270786039818255
11,4,The boy fed the chicken .,the,the,3,1.8290488719940186,2.638759737169323,1.8290488719940186,2.638759737169323
11,4,The boy fed the chicken .,chicken,chicken,4,5.500572204589844,7.935648241613441,5.500572204589844,7.935648241613441
11,4,The boy fed the chicken .,.,.,5,7.782381057739258,11.227602558308634,7.782381057739258,11.227602558308634
12,5,The new doctor demonstrated the operation .,The,The,0,7.6898956298828125,11.094174290185645,7.6898956298828125,11.094174290185645
12,5,The new doctor demonstrated the operation .,new,new,1,5.301407814025879,7.648314763025136,5.301407814025879,7.648314763025136
12,5,The new doctor demonstrated the operation .,doctor,doctor,2,9.386733055114746,13.542193228762553,9.386733055114746,13.542193228762553
12,5,The new doctor demonstrated the operation .,demonstrated,demonstrated,3,9.996902465820312,14.422481611689616,9.996902465820312,14.422481611689616
12,5,The new doctor demonstrated the operation .,the,the,4,2.665928840637207,3.8461223177501624,2.665928840637207,3.8461223177501624
12,5,The new doctor demonstrated the operation .,operation,operation,5,8.479321479797363,12.233075049006922,8.479321479797363,12.233075049006922
12,5,The new doctor demonstrated the operation .,.,.,6,8.738405227661133,12.60685388722491,8.738405227661133,12.60685388722491
13,5,The new doctor left the operation .,The,The,0,7.6898956298828125,11.094174290185645,7.6898956298828125,11.094174290185645
13,5,The new doctor left the operation .,new,new,1,5.301407814025879,7.648314763025136,5.301407814025879,7.648314763025136
13,5,The new doctor left the operation .,doctor,doctor,2,9.386733055114746,13.542193228762553,9.386733055114746,13.542193228762553
13,5,The new doctor left the operation .,left,left,3,6.99365234375,10.089707554029602,6.99365234375,10.089707554029602
13,5,The new doctor left the operation .,the,the,4,1.9257241487503052,2.7782326795221857,1.9257241487503052,2.7782326795221857
13,5,The new doctor left the operation .,operation,operation,5,6.695565700531006,9.659659432102321,6.695565700531006,9.659659432102321
13,5,The new doctor left the operation .,.,.,6,9.571496963500977,13.808751203126631,9.571496963500977,13.808751203126631
14,5,The new doctor offered the operation .,The,The,0,7.6898956298828125,11.094174290185645,7.6898956298828125,11.094174290185645
14,5,The new doctor offered the operation .,new,new,1,5.301407814025879,7.648314763025136,5.301407814025879,7.648314763025136
14,5,The new doctor offered the operation .,doctor,doctor,2,9.386733055114746,13.542193228762553,9.386733055114746,13.542193228762553
14,5,The new doctor offered the operation .,offered,offered,3,8.101577758789062,11.688106055981303,8.101577758789062,11.688106055981303
14,5,The new doctor offered the operation .,the,the,4,3.086808443069458,4.453323232990489,3.086808443069458,4.453323232990489
14,5,The new doctor offered the operation .,operation,operation,5,9.133230209350586,13.17646593032736,9.133230209350586,13.17646593032736
14,5,The new doctor offered the operation .,.,.,6,8.754064559936523,12.629445528242249,8.754064559936523,12.629445528242249
15,6,The professor noticed the grant .,The,The,0,7.6898956298828125,11.094174290185645,7.6898956298828125,11.094174290185645
15,6,The professor noticed the grant .,professor,professor,1,9.572498321533203,13.810195857393879,9.572498321533203,13.810195857393879
15,6,The professor noticed the grant .,noticed,noticed,2,9.032452583312988,13.031074549010356,9.032452583312988,13.031074549010356
15,6,The professor noticed the grant .,the,the,3,2.3771514892578125,3.4295046649940604,2.3771514892578125,3.4295046649940604
15,6,The professor noticed the grant .,grant,grant,4,11.904424667358398,17.17445443223421,11.904424667358398,17.17445443223421
15,6,The professor noticed the grant .,.,.,5,9.942014694213867,14.34329529578755,9.942014694213867,14.34329529578755
16,6,The professor read the grant .,The,The,0,7.6898956298828125,11.094174290185645,7.6898956298828125,11.094174290185645
16,6,The professor read the grant .,professor,professor,1,9.572498321533203,13.810195857393879,9.572498321533203,13.810195857393879
16,6,The professor read the grant .,read,read,2,8.526455879211426,12.30107561329687,8.526455879211426,12.30107561329687
16,6,The professor read the grant .,the,the,3,1.636589527130127,2.361099594761448,1.636589527130127,2.361099594761448
16,6,The professor read the grant .,grant,grant,4,9.874059677124023,14.245256929628509,9.874059677124023,14.245256929628509
16,6,The professor read the grant .,.,.,5,8.987332344055176,12.965979803589386,8.987332344055176,12.965979803589386
17,6,The professor awarded the grant .,The,The,0,7.6898956298828125,11.094174290185645,7.6898956298828125,11.094174290185645
17,6,The professor awarded the grant .,professor,professor,1,9.572498321533203,13.810195857393879,9.572498321533203,13.810195857393879
17,6,The professor awarded the grant .,awarded,awarded,2,9.143719673156738,13.19159902774208,9.143719673156738,13.19159902774208
17,6,The professor awarded the grant .,the,the,3,1.1159963607788086,1.6100424153457176,1.1159963607788086,1.6100424153457176
17,6,The professor awarded the grant .,grant,grant,4,6.539632797241211,9.434695805814716,6.539632797241211,9.434695805814716
17,6,The professor awarded the grant .,.,.,5,8.655038833618164,12.486581603962323,8.655038833618164,12.486581603962323
18,7,The technician reported the service .,The,The,0,7.6898956298828125,11.094174290185645,7.6898956298828125,11.094174290185645
18,7,The technician reported the service .,technician,technician,1,12.197002410888672,17.596554891899817,12.197002410888672,17.596554891899817
18,7,The technician reported the service .,reported,reported,2,5.307175159454346,7.656635283673879,5.307175159454346,7.656635283673879
18,7,The technician reported the service .,the,the,3,2.1570448875427246,3.111957962232781,2.1570448875427246,3.111957962232781
18,7,The technician reported the service .,service,service,4,7.057044982910156,10.181163800174822,7.057044982910156,10.181163800174822
18,7,The technician reported the service .,.,.,5,11.649619102478027,16.806847707390386,11.649619102478027,16.806847707390386
19,7,The technician called the service .,The,The,0,7.6898956298828125,11.094174290185645,7.6898956298828125,11.094174290185645
19,7,The technician called the service .,technician,technician,1,12.197002410888672,17.596554891899817,12.197002410888672,17.596554891899817
19,7,The technician called the service .,called,called,2,6.303650379180908,9.09424514154213,6.303650379180908,9.09424514154213
19,7,The technician called the service .,the,the,3,1.844642996788025,2.66125730367664,1.844642996788025,2.66125730367664
19,7,The technician called the service .,service,service,4,5.878345489501953,8.480659886336474,5.878345489501953,8.480659886336474
19,7,The technician called the service .,.,.,5,9.468892097473145,13.660723671737202,9.468892097473145,13.660723671737202
20,7,The technician refused the service .,The,The,0,7.6898956298828125,11.094174290185645,7.6898956298828125,11.094174290185645
20,7,The technician refused the service .,technician,technician,1,12.197002410888672,17.596554891899817,12.197002410888672,17.596554891899817
20,7,The technician refused the service .,refused,refused,2,7.574661731719971,10.92792691676381,7.574661731719971,10.92792691676381
20,7,The technician refused the service .,the,the,3,3.824093818664551,5.517001188081487,3.824093818664551,5.517001188081487
20,7,The technician refused the service .,service,service,4,4.790064334869385,6.910602061455153,4.790064334869385,6.910602061455153
20,7,The technician refused the service .,.,.,5,7.903642654418945,11.402546062488696,7.903642654418945,11.402546062488696
21,8,The mechanic observed the truck .,The,The,0,7.6898956298828125,11.094174290185645,7.6898956298828125,11.094174290185645
21,8,The mechanic observed the truck .,mechanic,mechanic,1,12.00021743774414,17.312654187022734,12.00021743774414,17.312654187022734
21,8,The mechanic observed the truck .,observed,observed,2,10.303384780883789,14.864642127751862,10.303384780883789,14.864642127751862
21,8,The mechanic observed the truck .,the,the,3,2.223229169845581,3.2074416980959066,2.223229169845581,3.2074416980959066
21,8,The mechanic observed the truck .,truck,truck,4,7.430927276611328,10.720561931173695,7.430927276611328,10.720561931173695
21,8,The mechanic observed the truck .,.,.,5,10.838979721069336,15.63734229188277,10.838979721069336,15.63734229188277
22,8,The mechanic stopped the truck .,The,The,0,7.6898956298828125,11.094174290185645,7.6898956298828125,11.094174290185645
22,8,The mechanic stopped the truck .,mechanic,mechanic,1,12.00021743774414,17.312654187022734,12.00021743774414,17.312654187022734
22,8,The mechanic stopped the truck .,stopped,stopped,2,8.239252090454102,11.886728131532157,8.239252090454102,11.886728131532157
22,8,The mechanic stopped the truck .,the,the,3,3.1523120403289795,4.547824947917189,3.1523120403289795,4.547824947917189
22,8,The mechanic stopped the truck .,truck,truck,4,3.621717929840088,5.225034496878938,3.621717929840088,5.225034496878938
22,8,The mechanic stopped the truck .,.,.,5,9.126238822937012,13.166379491819558,9.126238822937012,13.166379491819558
23,8,The mechanic brought the truck .,The,The,0,7.6898956298828125,11.094174290185645,7.6898956298828125,11.094174290185645
23,8,The mechanic brought the truck .,mechanic,mechanic,1,12.00021743774414,17.312654187022734,12.00021743774414,17.312654187022734
23,8,The mechanic brought the truck .,brought,brought,2,8.298776626586914,11.972603884622183,8.298776626586914,11.972603884622183
23,8,The mechanic brought the truck .,the,the,3,2.292465925216675,3.3073292217170263,2.292465925216675,3.3073292217170263
23,8,The mechanic brought the truck .,truck,truck,4,7.04765510559082,10.16761707073166,7.04765510559082,10.16761707073166
23,8,The mechanic brought the truck .,.,.,5,9.611348152160645,13.866244315379465,9.611348152160645,13.866244315379465
24,9,The guitarist knew the song .,The,The,0,7.6898956298828125,11.094174290185645,7.6898956298828125,11.094174290185645
24,9,The guitarist knew the song .,guitarist,guitarist,1,10.494335174560547,15.140125313765116,10.494335174560547,15.140125313765116
24,9,The guitarist knew the song .,knew,knew,2,7.770119667053223,11.209913110771488,7.770119667053223,11.209913110771488
24,9,The guitarist knew the song .,the,the,3,2.74495792388916,3.9601371842437563,2.74495792388916,3.9601371842437563
24,9,The guitarist knew the song .,song,song,4,3.2102527618408203,4.63141573950785,3.2102527618408203,4.63141573950785
24,9,The guitarist knew the song .,.,.,5,9.039606094360352,13.041394883923331,9.039606094360352,13.041394883923331
25,9,The guitarist began the song .,The,The,0,7.6898956298828125,11.094174290185645,7.6898956298828125,11.094174290185645
25,9,The guitarist began the song .,guitarist,guitarist,1,10.494335174560547,15.140125313765116,10.494335174560547,15.140125313765116
25,9,The guitarist began the song .,began,began,2,6.807099342346191,9.820568464041376,6.807099342346191,9.820568464041376
25,9,The guitarist began the song .,the,the,3,3.026136875152588,4.365792662833863,3.026136875152588,4.365792662833863
25,9,The guitarist began the song .,song,song,4,3.259704351425171,4.702759302565269,3.259704351425171,4.702759302565269
25,9,The guitarist began the song .,.,.,5,9.926400184631348,14.320768320246936,9.926400184631348,14.320768320246936
26,9,The guitarist assigned the song .,The,The,0,7.6898956298828125,11.094174290185645,7.6898956298828125,11.094174290185645
26,9,The guitarist assigned the song .,guitarist,guitarist,1,10.494335174560547,15.140125313765116,10.494335174560547,15.140125313765116
26,9,The guitarist assigned the song .,assigned,assigned,2,9.332795143127441,13.464377270622563,9.332795143127441,13.464377270622563
26,9,The guitarist assigned the song .,the,the,3,2.029203414916992,2.927521703655694,2.029203414916992,2.927521703655694
26,9,The guitarist assigned the song .,song,song,4,3.294569492340088,4.753059068463115,3.294569492340088,4.753059068463115
26,9,The guitarist assigned the song .,.,.,5,9.021156311035156,13.014777473014595,9.021156311035156,13.014777473014595
27,10,The player revealed the bonus .,The,The,0,7.6898956298828125,11.094174290185645,7.6898956298828125,11.094174290185645
27,10,The player revealed the bonus .,player,player,1,7.75132417678833,11.18279695017525,7.75132417678833,11.18279695017525
27,10,The player revealed the bonus .,revealed,revealed,2,8.698837280273438,12.549769405750526,8.698837280273438,12.549769405750526
27,10,The player revealed the bonus .,the,the,3,2.873932123184204,4.1462076219693405,2.873932123184204,4.1462076219693405
27,10,The player revealed the bonus .,bonus,bonus,4,9.426403045654297,13.599424927386076,9.426403045654297,13.599424927386076
27,10,The player revealed the bonus .,.,.,5,8.733171463012695,12.59930316092143,8.733171463012695,12.59930316092143
28,10,The player lost the bonus .,The,The,0,7.6898956298828125,11.094174290185645,7.6898956298828125,11.094174290185645
28,10,The player lost the bonus .,player,player,1,7.75132417678833,11.18279695017525,7.75132417678833,11.18279695017525
28,10,The player lost the bonus .,lost,lost,2,7.91534423828125,11.41942787949739,7.91534423828125,11.41942787949739
28,10,The player lost the bonus .,the,the,3,2.3852033615112305,3.441121061163938,2.3852033615112305,3.441121061163938
28,10,The player lost the bonus .,bonus,bonus,4,6.076203346252441,8.766108435071322,6.076203346252441,8.766108435071322
28,10,The player lost the bonus .,.,.,5,7.720455646514893,11.138263074630231,7.720455646514893,11.138263074630231
29,10,The player paid the bonus .,The,The,0,7.6898956298828125,11.094174290185645,7.6898956298828125,11.094174290185645
29,10,The player paid the bonus .,player,player,1,7.75132417678833,11.18279695017525,7.75132417678833,11.18279695017525
29,10,The player paid the bonus .,paid,paid,2,9.602462768554688,13.853425416514755,9.602462768554688,13.853425416514755
29,10,The player paid the bonus .,the,the,3,2.903627634048462,4.18904918822987,2.903627634048462,4.18904918822987
29,10,The player paid the bonus .,bonus,bonus,4,6.092729568481445,8.789950733925735,6.092729568481445,8.789950733925735
29,10,The player paid the bonus .,.,.,5,6.755083084106445,9.745524866233293,6.755083084106445,9.745524866233293
30,11,The recent hire claimed the job .,The,The,0,7.6898956298828125,11.094174290185645,7.6898956298828125,11.094174290185645
30,11,The recent hire claimed the job .,recent,recent,1,6.724862098693848,9.70192520044776,6.724862098693848,9.70192520044776
30,11,The recent hire claimed the job .,hire,hire,2,9.669536590576172,13.950192486918619,9.669536590576172,13.950192486918619
30,11,The recent hire claimed the job .,claimed,claimed,3,12.960941314697266,18.698685759966626,12.960941314697266,18.698685759966626
30,11,The recent hire claimed the job .,the,the,4,2.8654463291168213,4.133965208950323,2.8654463291168213,4.133965208950323
30,11,The recent hire claimed the job .,job,job,5,4.078661918640137,5.88426532348479,4.078661918640137,5.88426532348479
30,11,The recent hire claimed the job .,.,.,6,9.528541564941406,13.74677966264533,9.528541564941406,13.74677966264533
31,11,The recent hire started the job .,The,The,0,7.6898956298828125,11.094174290185645,7.6898956298828125,11.094174290185645
31,11,The recent hire started the job .,recent,recent,1,6.724862098693848,9.70192520044776,6.724862098693848,9.70192520044776
31,11,The recent hire started the job .,hire,hire,2,9.669536590576172,13.950192486918619,9.669536590576172,13.950192486918619
31,11,The recent hire started the job .,started,started,3,11.555103302001953,16.670490230757906,11.555103302001953,16.670490230757906
31,11,The recent hire started the job .,the,the,4,2.996676445007324,4.323290246360835,2.996676445007324,4.323290246360835
31,11,The recent hire started the job .,job,job,5,6.031655788421631,8.701839894305097,6.031655788421631,8.701839894305097
31,11,The recent hire started the job .,.,.,6,8.79306411743164,12.685709996437318,8.79306411743164,12.685709996437318
32,11,The recent hire offered the job .,The,The,0,7.6898956298828125,11.094174290185645,7.6898956298828125,11.094174290185645
32,11,The recent hire offered the job .,recent,recent,1,6.724862098693848,9.70192520044776,6.724862098693848,9.70192520044776
32,11,The recent hire offered the job .,hire,hire,2,9.669536590576172,13.950192486918619,9.669536590576172,13.950192486918619
32,11,The recent hire offered the job .,offered,offered,3,11.490482330322266,16.577261875378195,11.490482330322266,16.577261875378195
32,11,The recent hire offered the job .,the,the,4,2.804603338241577,4.046187327741755,2.804603338241577,4.046187327741755
32,11,The recent hire offered the job .,job,job,5,5.237077713012695,7.55550604531353,5.237077713012695,7.55550604531353
32,11,The recent hire offered the job .,.,.,6,9.452718734741211,13.637390441529343,9.452718734741211,13.637390441529343
33,12,The assistant manager discovered the training .,The,The,0,7.6898956298828125,11.094174290185645,7.6898956298828125,11.094174290185645
33,12,The assistant manager discovered the training .,assistant,assistant,1,10.200814247131348,14.716664127365881,10.200814247131348,14.716664127365881
33,12,The assistant manager discovered the training .,manager,manager,2,3.082582712173462,4.447226791982705,3.082582712173462,4.447226791982705
33,12,The assistant manager discovered the training .,discovered,discovered,3,9.29495620727539,13.409787225516295,9.29495620727539,13.409787225516295
33,12,The assistant manager discovered the training .,the,the,4,1.811422348022461,2.6133300384474465,1.811422348022461,2.6133300384474465
33,12,The assistant manager discovered the training .,training,training,5,8.841543197631836,12.755650525028999,8.841543197631836,12.755650525028999
33,12,The assistant manager discovered the training .,.,.,6,11.300999641418457,16.30389613976236,11.300999641418457,16.30389613976236
34,12,The assistant manager worked the training .,The,The,0,7.6898956298828125,11.094174290185645,7.6898956298828125,11.094174290185645
34,12,The assistant manager worked the training .,assistant,assistant,1,10.200814247131348,14.716664127365881,10.200814247131348,14.716664127365881
34,12,The assistant manager worked the training .,manager,manager,2,3.082582712173462,4.447226791982705,3.082582712173462,4.447226791982705
34,12,The assistant manager worked the training .,worked,worked,3,8.11862564086914,11.712700950915892,8.11862564086914,11.712700950915892
34,12,The assistant manager worked the training .,the,the,4,3.7707924842834473,5.440103617297104,3.7707924842834473,5.440103617297104
34,12,The assistant manager worked the training .,training,training,5,7.2549848556518555,10.466730672973464,7.2549848556518555,10.466730672973464
34,12,The assistant manager worked the training .,.,.,6,11.917125701904297,17.19277815178774,11.917125701904297,17.19277815178774
35,12,The assistant manager assigned the training .,The,The,0,7.6898956298828125,11.094174290185645,7.6898956298828125,11.094174290185645
35,12,The assistant manager assigned the training .,assistant,assistant,1,10.200814247131348,14.716664127365881,10.200814247131348,14.716664127365881
35,12,The assistant manager assigned the training .,manager,manager,2,3.082582712173462,4.447226791982705,3.082582712173462,4.447226791982705
35,12,The assistant manager assigned the training .,assigned,assigned,3,7.678402423858643,11.077593098850661,7.678402423858643,11.077593098850661
35,12,The assistant manager assigned the training .,the,the,4,3.565838098526001,5.1444169413563925,3.565838098526001,5.1444169413563925
35,12,The assistant manager assigned the training .,training,training,5,6.890674114227295,9.94114137297767,6.890674114227295,9.94114137297767
35,12,The assistant manager assigned the training .,.,.,6,10.601813316345215,15.295183495921817,10.601813316345215,15.295183495921817
36,13,The mayor showed the document .,The,The,0,7.6898956298828125,11.094174290185645,7.6898956298828125,11.094174290185645
36,13,The mayor showed the document .,mayor,mayor,1,8.153499603271484,11.763013443529902,8.153499603271484,11.763013443529902
36,13,The mayor showed the document .,showed,showed,2,9.9938325881958,14.418052714464597,9.9938325881958,14.418052714464597
36,13,The mayor showed the document .,the,the,3,3.091390609741211,4.459933902124354,3.091390609741211,4.459933902124354
36,13,The mayor showed the document .,document,document,4,7.339108943939209,10.588096077964934,7.339108943939209,10.588096077964934
36,13,The mayor showed the document .,.,.,5,8.848725318908691,12.766012135778182,8.848725318908691,12.766012135778182
37,13,The mayor changed the document .,The,The,0,7.6898956298828125,11.094174290185645,7.6898956298828125,11.094174290185645
37,13,The mayor changed the document .,mayor,mayor,1,8.153499603271484,11.763013443529902,8.153499603271484,11.763013443529902
37,13,The mayor changed the document .,changed,changed,2,10.804532051086426,15.587644809228248,10.804532051086426,15.587644809228248
37,13,The mayor changed the document .,the,the,3,1.6714940071105957,2.411456114934078,1.6714940071105957,2.411456114934078
37,13,The mayor changed the document .,document,document,4,10.401413917541504,15.006068277070574,10.401413917541504,15.006068277070574
37,13,The mayor changed the document .,.,.,5,8.700526237487793,12.55220605594795,8.700526237487793,12.55220605594795
38,13,The mayor sent the document .,The,The,0,7.6898956298828125,11.094174290185645,7.6898956298828125,11.094174290185645
38,13,The mayor sent the document .,mayor,mayor,1,8.153499603271484,11.763013443529902,8.153499603271484,11.763013443529902
38,13,The mayor sent the document .,sent,sent,2,7.679929256439209,11.079795852642912,7.679929256439209,11.079795852642912
38,13,The mayor sent the document .,the,the,3,2.8759217262268066,4.149078012412241,2.8759217262268066,4.149078012412241
38,13,The mayor sent the document .,document,document,4,6.164975166320801,8.894179099654632,6.164975166320801,8.894179099654632
38,13,The mayor sent the document .,.,.,5,9.972161293029785,14.386787644398945,9.972161293029785,14.386787644398945
39,14,The basketball player mentioned the contract .,The,The,0,7.6898956298828125,11.094174290185645,7.6898956298828125,11.094174290185645
39,14,The basketball player mentioned the contract .,basketball,basketball,1,10.046219825744629,14.493631522282163,10.046219825744629,14.493631522282163
39,14,The basketball player mentioned the contract .,player,player,2,4.380722999572754,6.320047346991837,4.380722999572754,6.320047346991837
39,14,The basketball player mentioned the contract .,mentioned,mentioned,3,8.277671813964844,11.94215607611343,8.277671813964844,11.94215607611343
39,14,The basketball player mentioned the contract .,the,the,4,4.737895965576172,6.83533901378457,4.737895965576172,6.83533901378457
39,14,The basketball player mentioned the contract .,contract,contract,5,7.606029510498047,10.973181055650642,7.606029510498047,10.973181055650642
39,14,The basketball player mentioned the contract .,.,.,6,8.224248886108398,11.865083083025167,8.224248886108398,11.865083083025167
40,14,The basketball player signed the contract .,The,The,0,7.6898956298828125,11.094174290185645,7.6898956298828125,11.094174290185645
40,14,The basketball player signed the contract .,basketball,basketball,1,10.046219825744629,14.493631522282163,10.046219825744629,14.493631522282163
40,14,The basketball player signed the contract .,player,player,2,4.380722999572754,6.320047346991837,4.380722999572754,6.320047346991837
40,14,The basketball player signed the contract .,signed,signed,3,7.393402099609375,10.666424544404496,7.393402099609375,10.666424544404496
40,14,The basketball player signed the contract .,the,the,4,3.978916645050049,5.740363311924257,3.978916645050049,5.740363311924257
40,14,The basketball player signed the contract .,contract,contract,5,1.987764835357666,2.867738470423972,1.987764835357666,2.867738470423972
40,14,The basketball player signed the contract .,.,.,6,9.759016990661621,14.079285416378656,9.759016990661621,14.079285416378656
41,14,The basketball player handed the contract .,The,The,0,7.6898956298828125,11.094174290185645,7.6898956298828125,11.094174290185645
41,14,The basketball player handed the contract .,basketball,basketball,1,10.046219825744629,14.493631522282163,10.046219825744629,14.493631522282163
41,14,The basketball player handed the contract .,player,player,2,4.380722999572754,6.320047346991837,4.380722999572754,6.320047346991837
41,14,The basketball player handed the contract .,handed,handed,3,9.240829467773438,13.331698846857337,9.240829467773438,13.331698846857337
41,14,The basketball player handed the contract .,the,the,4,2.159496784210205,3.1154953013957267,2.159496784210205,3.1154953013957267
41,14,The basketball player handed the contract .,contract,contract,5,6.942127227783203,10.015372524743075,6.942127227783203,10.015372524743075
41,14,The basketball player handed the contract .,.,.,6,11.455986022949219,16.527494223802115,11.455986022949219,16.527494223802115
42,15,The engineer maintained the equipment .,The,The,0,7.6898956298828125,11.094174290185645,7.6898956298828125,11.094174290185645
42,15,The engineer maintained the equipment .,engineer,engineer,1,10.810344696044922,15.596030683284317,10.810344696044922,15.596030683284317
42,15,The engineer maintained the equipment .,maintained,maintained,2,10.536046981811523,15.200302731232616,10.536046981811523,15.200302731232616
42,15,The engineer maintained the equipment .,the,the,3,2.19777250289917,3.1707154909347577,2.19777250289917,3.1707154909347577
42,15,The engineer maintained the equipment .,equipment,equipment,4,6.395938873291016,9.227389294325892,6.395938873291016,9.227389294325892
42,15,The engineer maintained the equipment .,.,.,5,9.222288131713867,13.30494935327274,9.222288131713867,13.30494935327274
43,15,The engineer moved the equipment .,The,The,0,7.6898956298828125,11.094174290185645,7.6898956298828125,11.094174290185645
43,15,The engineer moved the equipment .,engineer,engineer,1,10.810344696044922,15.596030683284317,10.810344696044922,15.596030683284317
43,15,The engineer moved the equipment .,moved,moved,2,8.533773422241211,12.311632596337434,8.533773422241211,12.311632596337434
43,15,The engineer moved the equipment .,the,the,3,2.758429527282715,3.9795725996524602,2.758429527282715,3.9795725996524602
43,15,The engineer moved the equipment .,equipment,equipment,4,6.53554630279541,9.428800240543138,6.53554630279541,9.428800240543138
43,15,The engineer moved the equipment .,.,.,5,9.58383560180664,13.826552095421535,9.58383560180664,13.826552095421535
44,15,The engineer brought the equipment .,The,The,0,7.6898956298828125,11.094174290185645,7.6898956298828125,11.094174290185645
44,15,The engineer brought the equipment .,engineer,engineer,1,10.810344696044922,15.596030683284317,10.810344696044922,15.596030683284317
44,15,The engineer brought the equipment .,brought,brought,2,7.954634189605713,11.476111297429961,7.954634189605713,11.476111297429961
44,15,The engineer brought the equipment .,the,the,3,2.148012638092041,3.098927180742207,2.148012638092041,3.098927180742207
44,15,The engineer brought the equipment .,equipment,equipment,4,6.5438642501831055,9.440800501989742,6.5438642501831055,9.440800501989742
44,15,The engineer brought the equipment .,.,.,5,9.146224975585938,13.195213415132613,9.146224975585938,13.195213415132613
45,16,The little girl found the lamb .,The,The,0,7.6898956298828125,11.094174290185645,7.6898956298828125,11.094174290185645
45,16,The little girl found the lamb .,little,little,1,8.638947486877441,12.463366697818259,8.638947486877441,12.463366697818259
45,16,The little girl found the lamb .,girl,girl,2,2.155406951904297,3.1095949206099256,2.155406951904297,3.1095949206099256
45,16,The little girl found the lamb .,found,found,3,6.2605133056640625,9.032011499500914,6.2605133056640625,9.032011499500914
45,16,The little girl found the lamb .,the,the,4,2.852745294570923,4.115641489396796,2.852745294570923,4.115641489396796
45,16,The little girl found the lamb .,lamb,lamb,5,9.81660270690918,14.162364043635048,9.81660270690918,14.162364043635048
45,16,The little girl found the lamb .,.,.,6,8.521986961364746,12.294628327681325,8.521986961364746,12.294628327681325
46,16,The little girl attacked the lamb .,The,The,0,7.6898956298828125,11.094174290185645,7.6898956298828125,11.094174290185645
46,16,The little girl attacked the lamb .,little,little,1,8.638947486877441,12.463366697818259,8.638947486877441,12.463366697818259
46,16,The little girl attacked the lamb .,girl,girl,2,2.155406951904297,3.1095949206099256,2.155406951904297,3.1095949206099256
46,16,The little girl attacked the lamb .,attacked,attacked,3,8.679588317871094,12.521999023150407,8.679588317871094,12.521999023150407
46,16,The little girl attacked the lamb .,the,the,4,2.7324604988098145,3.9421072110579027,2.7324604988098145,3.9421072110579027
46,16,The little girl attacked the lamb .,lamb,lamb,5,10.238653182983398,14.77125417247215,10.238653182983398,14.77125417247215
46,16,The little girl attacked the lamb .,.,.,6,8.409920692443848,12.132950877258217,8.409920692443848,12.132950877258217
47,16,The little girl fed the lamb .,The,The,0,7.6898956298828125,11.094174290185645,7.6898956298828125,11.094174290185645
47,16,The little girl fed the lamb .,little,little,1,8.638947486877441,12.463366697818259,8.638947486877441,12.463366697818259
47,16,The little girl fed the lamb .,girl,girl,2,2.155406951904297,3.1095949206099256,2.155406951904297,3.1095949206099256
47,16,The little girl fed the lamb .,fed,fed,3,10.214675903320312,14.736662270008209,10.214675903320312,14.736662270008209
47,16,The little girl fed the lamb .,the,the,4,2.0582854747772217,2.9694782471948833,2.0582854747772217,2.9694782471948833
47,16,The little girl fed the lamb .,lamb,lamb,5,7.993120193481445,11.531634864365113,7.993120193481445,11.531634864365113
47,16,The little girl fed the lamb .,.,.,6,8.143224716186523,11.748189914886733,8.143224716186523,11.748189914886733
48,17,The yoga instructor demonstrated the position .,The,The,0,7.6898956298828125,11.094174290185645,7.6898956298828125,11.094174290185645
48,17,The yoga instructor demonstrated the position .,yoga,yoga,1,11.730057716369629,16.922896096747785,11.730057716369629,16.922896096747785
48,17,The yoga instructor demonstrated the position .,instructor,instructor,2,3.3486268520355225,4.831047353219269,3.3486268520355225,4.831047353219269
48,17,The yoga instructor demonstrated the position .,demonstrated,demonstrated,3,9.179725646972656,13.243544667608683,9.179725646972656,13.243544667608683
48,17,The yoga instructor demonstrated the position .,the,the,4,2.37729549407959,3.4297124200363025,2.37729549407959,3.4297124200363025
48,17,The yoga instructor demonstrated the position .,position,position,5,7.509617805480957,10.834088366938838,7.509617805480957,10.834088366938838
48,17,The yoga instructor demonstrated the position .,.,.,6,9.381693840026855,13.53492317814528,9.381693840026855,13.53492317814528
49,17,The yoga instructor left the position .,The,The,0,7.6898956298828125,11.094174290185645,7.6898956298828125,11.094174290185645
49,17,The yoga instructor left the position .,yoga,yoga,1,11.730057716369629,16.922896096747785,11.730057716369629,16.922896096747785
49,17,The yoga instructor left the position .,instructor,instructor,2,3.3486268520355225,4.831047353219269,3.3486268520355225,4.831047353219269
49,17,The yoga instructor left the position .,left,left,3,6.850608825683594,9.883339379883886,6.850608825683594,9.883339379883886
49,17,The yoga instructor left the position .,the,the,4,1.966027855873108,2.8363786379176945,1.966027855873108,2.8363786379176945
49,17,The yoga instructor left the position .,position,position,5,7.525272369384766,10.856673128650142,7.525272369384766,10.856673128650142
49,17,The yoga instructor left the position .,.,.,6,9.903943061828613,14.288369540546798,9.903943061828613,14.288369540546798
50,17,The yoga instructor offered the position .,The,The,0,7.6898956298828125,11.094174290185645,7.6898956298828125,11.094174290185645
50,17,The yoga instructor offered the position .,yoga,yoga,1,11.730057716369629,16.922896096747785,11.730057716369629,16.922896096747785
50,17,The yoga instructor offered the position .,instructor,instructor,2,3.3486268520355225,4.831047353219269,3.3486268520355225,4.831047353219269
50,17,The yoga instructor offered the position .,offered,offered,3,7.7099761962890625,11.123144423758184,7.7099761962890625,11.123144423758184
50,17,The yoga instructor offered the position .,the,the,4,3.0979490280151367,4.469395699644222,3.0979490280151367,4.469395699644222
50,17,The yoga instructor offered the position .,position,position,5,7.76109504699707,11.19689333617057,7.76109504699707,11.19689333617057
50,17,The yoga instructor offered the position .,.,.,6,9.372204780578613,13.521233359136602,9.372204780578613,13.521233359136602
51,18,The governor noticed the contract .,The,The,0,7.6898956298828125,11.094174290185645,7.6898956298828125,11.094174290185645
51,18,The governor noticed the contract .,governor,governor,1,8.427898406982422,12.158887236869536,8.427898406982422,12.158887236869536
51,18,The governor noticed the contract .,noticed,noticed,2,10.223384857177734,14.749226634549641,10.223384857177734,14.749226634549641
51,18,The governor noticed the contract .,the,the,3,2.025341510772705,2.9219501536983428,2.025341510772705,2.9219501536983428
51,18,The governor noticed the contract .,contract,contract,4,9.222480773925781,13.305227277236535,9.222480773925781,13.305227277236535
51,18,The governor noticed the contract .,.,.,5,10.026522636413574,14.4652144849148,10.026522636413574,14.4652144849148
52,18,The governor read the contract .,The,The,0,7.6898956298828125,11.094174290185645,7.6898956298828125,11.094174290185645
52,18,The governor read the contract .,governor,governor,1,8.427898406982422,12.158887236869536,8.427898406982422,12.158887236869536
52,18,The governor read the contract .,read,read,2,9.948009490966797,14.35194395933414,9.948009490966797,14.35194395933414
52,18,The governor read the contract .,the,the,3,1.8978047370910645,2.7379534827768617,1.8978047370910645,2.7379534827768617
52,18,The governor read the contract .,contract,contract,4,6.834734916687012,9.860438170094994,6.834734916687012,9.860438170094994
52,18,The governor read the contract .,.,.,5,8.244915008544922,11.894897995378745,8.244915008544922,11.894897995378745
53,18,The governor awarded the contract .,The,The,0,7.6898956298828125,11.094174290185645,7.6898956298828125,11.094174290185645
53,18,The governor awarded the contract .,governor,governor,1,8.427898406982422,12.158887236869536,8.427898406982422,12.158887236869536
53,18,The governor awarded the contract .,awarded,awarded,2,9.357677459716797,13.500274865371855,9.357677459716797,13.500274865371855
53,18,The governor awarded the contract .,the,the,3,1.6168698072433472,2.3326500526730714,1.6168698072433472,2.3326500526730714
53,18,The governor awarded the contract .,contract,contract,4,3.024698257446289,4.3637171762032505,3.024698257446289,4.3637171762032505
53,18,The governor awarded the contract .,.,.,5,10.65121841430664,15.366459985745399,10.65121841430664,15.366459985745399
54,19,The patient reported the treatment .,The,The,0,7.6898956298828125,11.094174290185645,7.6898956298828125,11.094174290185645
54,19,The patient reported the treatment .,patient,patient,1,10.004451751708984,14.433372929003456,10.004451751708984,14.433372929003456
54,19,The patient reported the treatment .,reported,reported,2,5.500669002532959,7.935787891525941,5.500669002532959,7.935787891525941
54,19,The patient reported the treatment .,the,the,3,3.602166175842285,5.196827278345626,3.602166175842285,5.196827278345626
54,19,The patient reported the treatment .,treatment,treatment,4,5.552989959716797,8.011271076989628,5.552989959716797,8.011271076989628
54,19,The patient reported the treatment .,.,.,5,9.643204689025879,13.912203583134835,9.643204689025879,13.912203583134835
55,19,The patient called the treatment .,The,The,0,7.6898956298828125,11.094174290185645,7.6898956298828125,11.094174290185645
55,19,The patient called the treatment .,patient,patient,1,10.004451751708984,14.433372929003456,10.004451751708984,14.433372929003456
55,19,The patient called the treatment .,called,called,2,6.652150630950928,9.597024726519292,6.652150630950928,9.597024726519292
55,19,The patient called the treatment .,the,the,3,2.286280393600464,3.2984053859290565,2.286280393600464,3.2984053859290565
55,19,The patient called the treatment .,treatment,treatment,4,7.143120765686035,10.30534490512622,7.143120765686035,10.30534490512622
55,19,The patient called the treatment .,.,.,5,8.846203804016113,12.762374358747131,8.846203804016113,12.762374358747131
56,19,The patient refused the treatment .,The,The,0,7.6898956298828125,11.094174290185645,7.6898956298828125,11.094174290185645
56,19,The patient refused the treatment .,patient,patient,1,10.004451751708984,14.433372929003456,10.004451751708984,14.433372929003456
56,19,The patient refused the treatment .,refused,refused,2,6.698338985443115,9.663660436491993,6.698338985443115,9.663660436491993
56,19,The patient refused the treatment .,the,the,3,3.433525562286377,4.953530301476046,3.433525562286377,4.953530301476046
56,19,The patient refused the treatment .,treatment,treatment,4,2.625701665878296,3.7880867722165075,2.625701665878296,3.7880867722165075
56,19,The patient refused the treatment .,.,.,5,6.849029064178467,9.881060265794652,6.849029064178467,9.881060265794652
57,20,The operator observed the machine .,The,The,0,7.6898956298828125,11.094174290185645,7.6898956298828125,11.094174290185645
57,20,The operator observed the machine .,operator,operator,1,9.195995330810547,13.267016859798439,9.195995330810547,13.267016859798439
57,20,The operator observed the machine .,observed,observed,2,10.55624771118164,15.229446223317224,10.55624771118164,15.229446223317224
57,20,The operator observed the machine .,the,the,3,1.8100676536560059,2.6113756276030413,1.8100676536560059,2.6113756276030413
57,20,The operator observed the machine .,machine,machine,4,7.391173839569092,10.663209844694569,7.391173839569092,10.663209844694569
57,20,The operator observed the machine .,.,.,5,10.193602561950684,14.706259864919284,10.193602561950684,14.706259864919284
58,20,The operator stopped the machine .,The,The,0,7.6898956298828125,11.094174290185645,7.6898956298828125,11.094174290185645
58,20,The operator stopped the machine .,operator,operator,1,9.195995330810547,13.267016859798439,9.195995330810547,13.267016859798439
58,20,The operator stopped the machine .,stopped,stopped,2,7.623623371124268,10.998563631126183,7.623623371124268,10.998563631126183
58,20,The operator stopped the machine .,the,the,3,2.026853561401367,2.9241315816418867,2.026853561401367,2.9241315816418867
58,20,The operator stopped the machine .,machine,machine,4,5.891728401184082,8.499967346652937,5.891728401184082,8.499967346652937
58,20,The operator stopped the machine .,.,.,5,8.7507963180542,12.624730451886194,8.7507963180542,12.624730451886194
59,20,The operator brought the machine .,The,The,0,7.6898956298828125,11.094174290185645,7.6898956298828125,11.094174290185645
59,20,The operator brought the machine .,operator,operator,1,9.195995330810547,13.267016859798439,9.195995330810547,13.267016859798439
59,20,The operator brought the machine .,brought,brought,2,9.03451156616211,13.034045033356058,9.03451156616211,13.034045033356058
59,20,The operator brought the machine .,the,the,3,1.7081034183502197,2.4642723309793486,1.7081034183502197,2.4642723309793486
59,20,The operator brought the machine .,machine,machine,4,7.164821147918701,10.336651938958681,7.164821147918701,10.336651938958681
59,20,The operator brought the machine .,.,.,5,9.654794692993164,13.92892442438232,9.654794692993164,13.92892442438232
60,21,The dancer knew the ballet .,The,The,0,7.6898956298828125,11.094174290185645,7.6898956298828125,11.094174290185645
60,21,The dancer knew the ballet .,dancer,dancer,1,11.731204986572266,16.924551257779687,11.731204986572266,16.924551257779687
60,21,The dancer knew the ballet .,knew,knew,2,8.156753540039062,11.767707881967853,8.156753540039062,11.767707881967853
60,21,The dancer knew the ballet .,the,the,3,2.7871460914611816,4.021001844384104,2.7871460914611816,4.021001844384104
60,21,The dancer knew the ballet .,ballet,ballet,4,7.549069881439209,10.891005681276582,7.549069881439209,10.891005681276582
60,21,The dancer knew the ballet .,.,.,5,9.23859691619873,13.328477955771978,9.23859691619873,13.328477955771978
61,21,The dancer began the ballet .,The,The,0,7.6898956298828125,11.094174290185645,7.6898956298828125,11.094174290185645
61,21,The dancer began the ballet .,dancer,dancer,1,11.731204986572266,16.924551257779687,11.731204986572266,16.924551257779687
61,21,The dancer began the ballet .,began,began,2,6.837462902069092,9.86437382107734,6.837462902069092,9.86437382107734
61,21,The dancer began the ballet .,the,the,3,3.272097110748291,4.720638274983665,3.272097110748291,4.720638274983665
61,21,The dancer began the ballet .,ballet,ballet,4,6.130421161651611,8.844328208475538,6.130421161651611,8.844328208475538
61,21,The dancer began the ballet .,.,.,5,9.14588737487793,13.194726360265369,9.14588737487793,13.194726360265369
62,21,The dancer assigned the ballet .,The,The,0,7.6898956298828125,11.094174290185645,7.6898956298828125,11.094174290185645
62,21,The dancer assigned the ballet .,dancer,dancer,1,11.731204986572266,16.924551257779687,11.731204986572266,16.924551257779687
62,21,The dancer assigned the ballet .,assigned,assigned,2,9.292289733886719,13.405940317581795,9.292289733886719,13.405940317581795
62,21,The dancer assigned the ballet .,the,the,3,2.2285165786743164,3.2150698165922758,2.2285165786743164,3.2150698165922758
62,21,The dancer assigned the ballet .,ballet,ballet,4,8.03642463684082,11.594109970048141,8.03642463684082,11.594109970048141
62,21,The dancer assigned the ballet .,.,.,5,9.043001174926758,13.046292949819904,9.043001174926758,13.046292949819904
63,22,The contestant revealed the money .,The,The,0,7.6898956298828125,11.094174290185645,7.6898956298828125,11.094174290185645
63,22,The contestant revealed the money .,contestant,contestant,1,12.157413482666016,17.539440141478885,12.157413482666016,17.539440141478885
63,22,The contestant revealed the money .,revealed,revealed,2,6.62669563293457,9.560300927115255,6.62669563293457,9.560300927115255
63,22,The contestant revealed the money .,the,the,3,2.963731288909912,4.275760433037786,2.963731288909912,4.275760433037786
63,22,The contestant revealed the money .,money,money,4,7.397701263427734,10.672626926725211,7.397701263427734,10.672626926725211
63,22,The contestant revealed the money .,.,.,5,10.965415000915527,15.81974984311028,10.965415000915527,15.81974984311028
64,22,The contestant lost the money .,The,The,0,7.6898956298828125,11.094174290185645,7.6898956298828125,11.094174290185645
64,22,The contestant lost the money .,contestant,contestant,1,12.157413482666016,17.539440141478885,12.157413482666016,17.539440141478885
64,22,The contestant lost the money .,lost,lost,2,7.32463264465332,10.567211192774758,7.32463264465332,10.567211192774758
64,22,The contestant lost the money .,the,the,3,2.315402030944824,3.3404190277083323,2.315402030944824,3.3404190277083323
64,22,The contestant lost the money .,money,money,4,4.937328338623047,7.123059109372015,4.937328338623047,7.123059109372015
64,22,The contestant lost the money .,.,.,5,8.789506912231445,12.680578034135571,8.789506912231445,12.680578034135571
65,22,The contestant paid the money .,The,The,0,7.6898956298828125,11.094174290185645,7.6898956298828125,11.094174290185645
65,22,The contestant paid the money .,contestant,contestant,1,12.157413482666016,17.539440141478885,12.157413482666016,17.539440141478885
65,22,The contestant paid the money .,paid,paid,2,8.356538772583008,12.055937046201851,8.356538772583008,12.055937046201851
65,22,The contestant paid the money .,the,the,3,3.043644428253174,4.391050722870179,3.043644428253174,4.391050722870179
65,22,The contestant paid the money .,money,money,4,3.8683862686157227,5.580901685974864,3.8683862686157227,5.580901685974864
65,22,The contestant paid the money .,.,.,5,9.04862117767334,13.05440089991218,9.04862117767334,13.05440089991218
66,23,The new chef claimed the restaurant .,The,The,0,7.6898956298828125,11.094174290185645,7.6898956298828125,11.094174290185645
66,23,The new chef claimed the restaurant .,new,new,1,5.301407814025879,7.648314763025136,5.301407814025879,7.648314763025136
66,23,The new chef claimed the restaurant .,chef,chef,2,10.684691429138184,15.41475133824647,10.684691429138184,15.41475133824647
66,23,The new chef claimed the restaurant .,claimed,claimed,3,8.389835357666016,12.103973864379643,8.389835357666016,12.103973864379643
66,23,The new chef claimed the restaurant .,the,the,4,2.504012107849121,3.612525850319847,2.504012107849121,3.612525850319847
66,23,The new chef claimed the restaurant .,restaurant,restaurant,5,3.5327982902526855,5.096750573808558,3.5327982902526855,5.096750573808558
66,23,The new chef claimed the restaurant .,.,.,6,11.465888977050781,16.54178116657459,11.465888977050781,16.54178116657459
67,23,The new chef started the restaurant .,The,The,0,7.6898956298828125,11.094174290185645,7.6898956298828125,11.094174290185645
67,23,The new chef started the restaurant .,new,new,1,5.301407814025879,7.648314763025136,5.301407814025879,7.648314763025136
67,23,The new chef started the restaurant .,chef,chef,2,10.684691429138184,15.41475133824647,10.684691429138184,15.41475133824647
67,23,The new chef started the restaurant .,started,started,3,7.284160614013672,10.508822394876232,7.284160614013672,10.508822394876232
67,23,The new chef started the restaurant .,the,the,4,2.8230762481689453,4.0728381032847585,2.8230762481689453,4.0728381032847585
67,23,The new chef started the restaurant .,restaurant,restaurant,5,3.0211472511291504,4.35859415699935,3.0211472511291504,4.35859415699935
67,23,The new chef started the restaurant .,.,.,6,9.712382316589355,14.012005803361125,9.712382316589355,14.012005803361125
68,23,The new chef offered the restaurant .,The,The,0,7.6898956298828125,11.094174290185645,7.6898956298828125,11.094174290185645
68,23,The new chef offered the restaurant .,new,new,1,5.301407814025879,7.648314763025136,5.301407814025879,7.648314763025136
68,23,The new chef offered the restaurant .,chef,chef,2,10.684691429138184,15.41475133824647,10.684691429138184,15.41475133824647
68,23,The new chef offered the restaurant .,offered,offered,3,8.54684829711914,12.330495653484066,8.54684829711914,12.330495653484066
68,23,The new chef offered the restaurant .,the,the,4,2.8973701000213623,4.180021474920779,2.8973701000213623,4.180021474920779
68,23,The new chef offered the restaurant .,restaurant,restaurant,5,4.107396125793457,5.925720021648762,4.107396125793457,5.925720021648762
68,23,The new chef offered the restaurant .,.,.,6,10.826064109802246,15.618709003557692,10.826064109802246,15.618709003557692
69,24,The apprentice baker discovered the oven .,The,The,0,7.6898956298828125,11.094174290185645,7.6898956298828125,11.094174290185645
69,24,The apprentice baker discovered the oven .,apprentice,apprentice,1,12.744729042053223,18.386757386443733,12.744729042053223,18.386757386443733
69,24,The apprentice baker discovered the oven .,baker,baker,2,6.95528507232666,10.034355281814708,6.95528507232666,10.034355281814708
69,24,The apprentice baker discovered the oven .,discovered,discovered,3,7.325592517852783,10.568595997079505,7.325592517852783,10.568595997079505
69,24,The apprentice baker discovered the oven .,the,the,4,2.119232654571533,3.0574064412403046,2.119232654571533,3.0574064412403046
69,24,The apprentice baker discovered the oven .,oven,oven,5,6.583743095397949,9.498333514217576,6.583743095397949,9.498333514217576
69,24,The apprentice baker discovered the oven .,.,.,6,9.67801284790039,13.962421141325567,9.67801284790039,13.962421141325567
70,24,The apprentice baker worked the oven .,The,The,0,7.6898956298828125,11.094174290185645,7.6898956298828125,11.094174290185645
70,24,The apprentice baker worked the oven .,apprentice,apprentice,1,12.744729042053223,18.386757386443733,12.744729042053223,18.386757386443733
70,24,The apprentice baker worked the oven .,baker,baker,2,6.95528507232666,10.034355281814708,6.95528507232666,10.034355281814708
70,24,The apprentice baker worked the oven .,worked,worked,3,7.0173115730285645,10.123840606781041,7.0173115730285645,10.123840606781041
70,24,The apprentice baker worked the oven .,the,the,4,3.4707770347595215,5.0072728160788635,3.4707770347595215,5.0072728160788635
70,24,The apprentice baker worked the oven .,oven,oven,5,3.1061835289001465,4.481275573235221,3.1061835289001465,4.481275573235221
70,24,The apprentice baker worked the oven .,.,.,6,9.948112487792969,14.352092552344486,9.948112487792969,14.352092552344486
71,24,The apprentice baker assigned the oven .,The,The,0,7.6898956298828125,11.094174290185645,7.6898956298828125,11.094174290185645
71,24,The apprentice baker assigned the oven .,apprentice,apprentice,1,12.744729042053223,18.386757386443733,12.744729042053223,18.386757386443733
71,24,The apprentice baker assigned the oven .,baker,baker,2,6.95528507232666,10.034355281814708,6.95528507232666,10.034355281814708
71,24,The apprentice baker assigned the oven .,assigned,assigned,3,8.964492797851562,12.933029303545279,8.964492797851562,12.933029303545279
71,24,The apprentice baker assigned the oven .,the,the,4,2.62636661529541,3.78904609144302,2.62636661529541,3.78904609144302
71,24,The apprentice baker assigned the oven .,oven,oven,5,6.771674633026123,9.769461411580378,6.771674633026123,9.769461411580378
71,24,The apprentice baker assigned the oven .,.,.,6,9.948583602905273,14.352772227780696,9.948583602905273,14.352772227780696
72,73,The wealthy man starved .,The,The,0,7.6898956298828125,11.094174290185645,7.6898956298828125,11.094174290185645
72,73,The wealthy man starved .,wealthy,wealthy,1,10.559680938720703,15.234399323662073,10.559680938720703,15.234399323662073
72,73,The wealthy man starved .,man,man,2,4.642940521240234,6.698347265135705,4.642940521240234,6.698347265135705
72,73,The wealthy man starved .,starved,starved,3,11.784501075744629,17.001441261327432,11.784501075744629,17.001441261327432
72,73,The wealthy man starved .,.,.,4,10.392354011535645,14.992997595605,10.392354011535645,14.992997595605
73,74,The chair melted .,The,The,0,7.6898956298828125,11.094174290185645,7.6898956298828125,11.094174290185645
73,74,The chair melted .,chair,chair,1,8.977420806884766,12.951680478066049,8.977420806884766,12.951680478066049
73,74,The chair melted .,melted,melted,2,13.520682334899902,19.5062213539951,13.520682334899902,19.5062213539951
73,74,The chair melted .,.,.,3,7.959231376647949,11.482743636377833,7.959231376647949,11.482743636377833
74,75,The dog hatched .,The,The,0,7.6898956298828125,11.094174290185645,7.6898956298828125,11.094174290185645
74,75,The dog hatched .,dog,dog,1,8.664730072021484,12.500563105546867,8.664730072021484,12.500563105546867
74,75,The dog hatched .,hatched,hatched,2,12.112234115600586,17.474260092663087,12.112234115600586,17.474260092663087
74,75,The dog hatched .,.,.,3,7.81787109375,11.278803857262302,7.81787109375,11.278803857262302
75,76,The toddler lectured .,The,The,0,7.6898956298828125,11.094174290185645,7.6898956298828125,11.094174290185645
75,76,The toddler lectured .,toddler,toddler,1,11.34372329711914,16.365533345970388,11.34372329711914,16.365533345970388
75,76,The toddler lectured .,lect.ured,lectured,2,14.320101737976074,20.659539762403508,7.160050868988037,10.329769881201754
75,76,The toddler lectured .,.,.,3,10.109308242797852,14.584648868702383,10.109308242797852,14.584648868702383
76,77,The door jumped .,The,The,0,7.6898956298828125,11.094174290185645,7.6898956298828125,11.094174290185645
76,77,The door jumped .,door,door,1,9.28708267211914,13.398428115392107,9.28708267211914,13.398428115392107
76,77,The door jumped .,jumped,jumped,2,9.946080207824707,14.349160592112575,9.946080207824707,14.349160592112575
76,77,The door jumped .,.,.,3,11.260262489318848,16.245124852448317,11.260262489318848,16.245124852448317
77,78,The elephant barked .,The,The,0,7.6898956298828125,11.094174290185645,7.6898956298828125,11.094174290185645
77,78,The elephant barked .,elephant,elephant,1,9.534984588623047,13.756074980959163,9.534984588623047,13.756074980959163
77,78,The elephant barked .,bark.ed,barked,2,14.449952125549316,20.846874272612936,7.224976062774658,10.423437136306468
77,78,The elephant barked .,.,.,3,8.203378677368164,11.834973736373314,8.203378677368164,11.834973736373314
78,79,The chef was cooked the breakfast .,The,The,0,7.6898956298828125,11.094174290185645,7.6898956298828125,11.094174290185645
78,79,The chef was cooked the breakfast .,chef,chef,1,10.661454200744629,15.381227104079084,10.661454200744629,15.381227104079084
78,79,The chef was cooked the breakfast .,was,was,2,3.2621307373046875,4.706259837440931,3.2621307373046875,4.706259837440931
78,79,The chef was cooked the breakfast .,cooked,cooked,3,8.007288932800293,11.552076034316062,8.007288932800293,11.552076034316062
78,79,The chef was cooked the breakfast .,the,the,4,4.606119632720947,6.645225951867804,4.606119632720947,6.645225951867804
78,79,The chef was cooked the breakfast .,breakfast,breakfast,5,6.754073143005371,9.744067829215183,6.754073143005371,9.744067829215183
78,79,The chef was cooked the breakfast .,.,.,6,8.801626205444336,12.698062478352888,8.801626205444336,12.698062478352888
79,80,The government was provided the birds .,The,The,0,7.6898956298828125,11.094174290185645,7.6898956298828125,11.094174290185645
79,80,The government was provided the birds .,government,government,1,6.107827186584473,8.811731992692208,6.107827186584473,8.811731992692208
79,80,The government was provided the birds .,was,was,2,4.488215446472168,6.475126167066642,4.488215446472168,6.475126167066642
79,80,The government was provided the birds .,provided,provided,3,7.637644290924072,11.018791542590062,7.637644290924072,11.018791542590062
79,80,The government was provided the birds .,the,the,4,3.767197370529175,5.434916964512383,3.767197370529175,5.434916964512383
79,80,The government was provided the birds .,birds,birds,5,12.433174133300781,17.937278664621974,12.433174133300781,17.937278664621974
79,80,The government was provided the birds .,.,.,6,8.925069808959961,12.876153952974343,8.925069808959961,12.876153952974343
80,81,The artist was suggested the fire .,The,The,0,7.6898956298828125,11.094174290185645,7.6898956298828125,11.094174290185645
80,81,The artist was suggested the fire .,artist,artist,1,8.359009742736816,12.059501902588936,8.359009742736816,12.059501902588936
80,81,The artist was suggested the fire .,was,was,2,4.288268089294434,6.18666310642747,4.288268089294434,6.18666310642747
80,81,The artist was suggested the fire .,suggested,suggested,3,8.606168746948242,12.416076972275814,8.606168746948242,12.416076972275814
80,81,The artist was suggested the fire .,the,the,4,4.9283905029296875,7.110164538140925,4.9283905029296875,7.110164538140925
80,81,The artist was suggested the fire .,fire,fire,5,9.0819091796875,13.10242533533911,9.0819091796875,13.10242533533911
80,81,The artist was suggested the fire .,.,.,6,10.891685485839844,15.713380637343443,10.891685485839844,15.713380637343443
81,82,The secretary was presented the rice .,The,The,0,7.6898956298828125,11.094174290185645,7.6898956298828125,11.094174290185645
81,82,The secretary was presented the rice .,secretary,secretary,1,9.483506202697754,13.681807368871775,9.483506202697754,13.681807368871775
81,82,The secretary was presented the rice .,was,was,2,6.674365520477295,9.62907403747288,6.674365520477295,9.62907403747288
81,82,The secretary was presented the rice .,presented,presented,3,6.947685241699219,10.023391043856902,6.947685241699219,10.023391043856902
81,82,The secretary was presented the rice .,the,the,4,4.108072280883789,5.926695507244456,4.108072280883789,5.926695507244456
81,82,The secretary was presented the rice .,rice,rice,5,11.286361694335938,16.282778046097615,11.286361694335938,16.282778046097615
81,82,The secretary was presented the rice .,.,.,6,8.603463172912598,12.41217365403183,8.603463172912598,12.41217365403183
82,83,The infant was taught the cream .,The,The,0,7.6898956298828125,11.094174290185645,7.6898956298828125,11.094174290185645
82,83,The infant was taught the cream .,infant,infant,1,10.476777076721191,15.114794333084834,10.476777076721191,15.114794333084834
82,83,The infant was taught the cream .,was,was,2,2.420238494873047,3.491666074321914,2.420238494873047,3.491666074321914
82,83,The infant was taught the cream .,taught,taught,3,8.77579116821289,12.6607903982579,8.77579116821289,12.6607903982579
82,83,The infant was taught the cream .,the,the,4,3.0170202255249023,4.352640117626478,3.0170202255249023,4.352640117626478
82,83,The infant was taught the cream .,cream,cream,5,11.801514625549316,17.02598662525857,11.801514625549316,17.02598662525857
82,83,The infant was taught the cream .,.,.,6,9.713906288146973,14.014204429569755,9.713906288146973,14.014204429569755
83,84,The clerk was granted the finger .,The,The,0,7.6898956298828125,11.094174290185645,7.6898956298828125,11.094174290185645
83,84,The clerk was granted the finger .,clerk,clerk,1,10.812699317932129,15.59942768460416,10.812699317932129,15.59942768460416
83,84,The clerk was granted the finger .,was,was,2,3.897003173828125,5.622187153210387,3.897003173828125,5.622187153210387
83,84,The clerk was granted the finger .,granted,granted,3,6.542699337005615,9.43911988752551,6.542699337005615,9.43911988752551
83,84,The clerk was granted the finger .,the,the,4,3.18790864944458,4.599179999360729,3.18790864944458,4.599179999360729
83,84,The clerk was granted the finger .,finger,finger,5,10.600348472595215,15.293070173108015,10.600348472595215,15.293070173108015
83,84,The clerk was granted the finger .,.,.,6,8.649198532104492,12.478155829931254,8.649198532104492,12.478155829931254
84,85,The woman washed the magazine .,The,The,0,7.6898956298828125,11.094174290185645,7.6898956298828125,11.094174290185645
84,85,The woman washed the magazine .,woman,woman,1,7.634151935577393,11.013753138850387,7.634151935577393,11.013753138850387
84,85,The woman washed the magazine .,washed,washed,2,11.503449440002441,16.595969460208448,11.503449440002441,16.595969460208448
84,85,The woman washed the magazine .,the,the,3,2.3372037410736084,3.3718722467940276,2.3372037410736084,3.3718722467940276
84,85,The woman washed the magazine .,magazine,magazine,4,9.096617698669434,13.123645242733167,9.096617698669434,13.123645242733167
84,85,The woman washed the magazine .,.,.,5,9.780900001525879,14.11085592763224,9.780900001525879,14.11085592763224
85,86,The motorist parked the story .,The,The,0,7.6898956298828125,11.094174290185645,7.6898956298828125,11.094174290185645
85,86,The motorist parked the story .,motor.ist,motorist,1,12.343800783157349,17.80834017558241,6.171900391578674,8.904170087791204
85,86,The motorist parked the story .,parked,parked,2,7.105071067810059,10.250450794693224,7.105071067810059,10.250450794693224
85,86,The motorist parked the story .,the,the,3,3.3805367946624756,4.877083669202226,3.3805367946624756,4.877083669202226
85,86,The motorist parked the story .,story,story,4,11.72429084777832,16.914576264029645,11.72429084777832,16.914576264029645
85,86,The motorist parked the story .,.,.,5,9.482156753540039,13.679860525264008,9.482156753540039,13.679860525264008
86,87,The cleaner ate the book .,The,The,0,7.6898956298828125,11.094174290185645,7.6898956298828125,11.094174290185645
86,87,The cleaner ate the book .,cleaner,cleaner,1,12.64242935180664,18.239170130640513,12.64242935180664,18.239170130640513
86,87,The cleaner ate the book .,ate,ate,2,9.784070014953613,14.115429290283984,9.784070014953613,14.115429290283984
86,87,The cleaner ate the book .,the,the,3,1.5617436170578003,2.2531197714692808,1.5617436170578003,2.2531197714692808
86,87,The cleaner ate the book .,book,book,4,7.992799758911133,11.531172574999594,7.992799758911133,11.531172574999594
86,87,The cleaner ate the book .,.,.,5,6.653286933898926,9.598664065147316,6.653286933898926,9.598664065147316
87,88,The folk singer sang the picture .,The,The,0,7.6898956298828125,11.094174290185645,7.6898956298828125,11.094174290185645
87,88,The folk singer sang the picture .,folk,folk,1,11.780144691467285,16.9951563273343,11.780144691467285,16.9951563273343
87,88,The folk singer sang the picture .,singer,singer,2,2.89292049407959,4.173602050494674,2.89292049407959,4.173602050494674
87,88,The folk singer sang the picture .,sang,sang,3,7.393073081970215,10.665949872288115,7.393073081970215,10.665949872288115
87,88,The folk singer sang the picture .,the,the,4,2.5249409675598145,3.6427198124359252,2.5249409675598145,3.6427198124359252
87,88,The folk singer sang the picture .,picture,picture,5,10.373096466064453,14.965214830254018,10.373096466064453,14.965214830254018
87,88,The folk singer sang the picture .,.,.,6,9.346956253051758,13.484807433683859,9.346956253051758,13.484807433683859
88,89,The janitor read the sandwich .,The,The,0,7.6898956298828125,11.094174290185645,7.6898956298828125,11.094174290185645
88,89,The janitor read the sandwich .,jan.itor,janitor,1,12.440073169767857,17.947231870319936,6.220036584883928,8.973615935159968
88,89,The janitor read the sandwich .,read,read,2,8.74901294708252,12.622157591429286,8.74901294708252,12.622157591429286
88,89,The janitor read the sandwich .,the,the,3,1.6128898859024048,2.3269082398913654,1.6128898859024048,2.3269082398913654
88,89,The janitor read the sandwich .,sandwich,sandwich,4,10.644414901733398,15.356644591895357,10.644414901733398,15.356644591895357
88,89,The janitor read the sandwich .,.,.,5,8.09954833984375,11.685178223333015,8.09954833984375,11.685178223333015
89,90,The handler follows the salon .,The,The,0,7.6898956298828125,11.094174290185645,7.6898956298828125,11.094174290185645
89,90,The handler follows the salon .,handler,handler,1,12.009021759033203,17.32535613768486,12.009021759033203,17.32535613768486
89,90,The handler follows the salon .,follows,follows,2,8.518157958984375,12.289104244935613,8.518157958984375,12.289104244935613
89,90,The handler follows the salon .,the,the,3,0.8426142334938049,1.2156353760439675,0.8426142334938049,1.2156353760439675
89,90,The handler follows the salon .,salon,salon,4,14.806013107299805,21.36056168523842,14.806013107299805,21.36056168523842
89,90,The handler follows the salon .,.,.,5,8.723955154418945,12.586006838217925,8.723955154418945,12.586006838217925
90,91,The gardener built the chocolate .,The,The,0,7.6898956298828125,11.094174290185645,7.6898956298828125,11.094174290185645
90,91,The gardener built the chocolate .,gard.ener,gardener,1,13.653752207756042,19.698200599656378,6.826876103878021,9.849100299828189
90,91,The gardener built the chocolate .,built,built,2,8.505425453186035,12.270735121962257,8.505425453186035,12.270735121962257
90,91,The gardener built the chocolate .,the,the,3,1.7477937936782837,2.521533438636168,1.7477937936782837,2.521533438636168
90,91,The gardener built the chocolate .,chocolate,chocolate,4,10.223957061767578,14.750052151273783,10.223957061767578,14.750052151273783
90,91,The gardener built the chocolate .,.,.,5,9.62939167022705,13.892275609414058,9.62939167022705,13.892275609414058
91,92,The judge edited the verdict .,The,The,0,7.6898956298828125,11.094174290185645,7.6898956298828125,11.094174290185645
91,92,The judge edited the verdict .,judge,judge,1,8.461742401123047,12.20771379938009,8.461742401123047,12.20771379938009
91,92,The judge edited the verdict .,edited,edited,2,12.456585884094238,17.97105468139022,12.456585884094238,17.97105468139022
91,92,The judge edited the verdict .,the,the,3,0.9744715690612793,1.4058653001719947,0.9744715690612793,1.4058653001719947
91,92,The judge edited the verdict .,verdict,verdict,4,3.9581236839294434,5.710365410030163,3.9581236839294434,5.710365410030163
91,92,The judge edited the verdict .,.,.,5,7.052999973297119,10.175328084865745,7.052999973297119,10.175328084865745
92,93,The guy painted the ice .,The,The,0,7.6898956298828125,11.094174290185645,7.6898956298828125,11.094174290185645
92,93,The guy painted the ice .,guy,guy,1,8.440303802490234,12.176784439448923,8.440303802490234,12.176784439448923
92,93,The guy painted the ice .,painted,painted,2,10.294218063354492,14.851417349831115,10.294218063354492,14.851417349831115
92,93,The guy painted the ice .,the,the,3,1.6004068851470947,2.3088990766062665,1.6004068851470947,2.3088990766062665
92,93,The guy painted the ice .,ice,ice,4,8.377763748168945,12.086558213222672,8.377763748168945,12.086558213222672
92,93,The guy painted the ice .,.,.,5,8.709514617919922,12.565173547823006,8.709514617919922,12.565173547823006
93,94,The bookkeeper flushed the camera .,The,The,0,7.6898956298828125,11.094174290185645,7.6898956298828125,11.094174290185645
93,94,The bookkeeper flushed the camera .,book.keeper,bookkeeper,1,15.84455394744873,22.858859405081933,7.922276973724365,11.429429702540967
93,94,The bookkeeper flushed the camera .,flushed,flushed,2,12.992822647094727,18.744680800113375,12.992822647094727,18.744680800113375
93,94,The bookkeeper flushed the camera .,the,the,3,2.6974220275878906,3.8915573823857024,2.6974220275878906,3.8915573823857024
93,94,The bookkeeper flushed the camera .,camera,camera,4,7.657599449157715,11.047580750413893,7.657599449157715,11.047580750413893
93,94,The bookkeeper flushed the camera .,.,.,5,8.795852661132812,12.6897330146063,8.795852661132812,12.6897330146063
94,95,The bear stole the password .,The,The,0,7.6898956298828125,11.094174290185645,7.6898956298828125,11.094174290185645
94,95,The bear stole the password .,bear,bear,1,10.242191314697266,14.776358617549757,10.242191314697266,14.776358617549757
94,95,The bear stole the password .,stole,stole,2,10.409444808959961,15.0176544042939,10.409444808959961,15.0176544042939
94,95,The bear stole the password .,the,the,3,1.3287353515625,1.9169599023530721,1.3287353515625,1.9169599023530721
94,95,The bear stole the password .,password,password,4,9.679232597351074,13.964180867809196,9.679232597351074,13.964180867809196
94,95,The bear stole the password .,.,.,5,7.035182952880859,10.14962355786779,7.035182952880859,10.14962355786779
95,96,The kid fired the waitress .,The,The,0,7.6898956298828125,11.094174290185645,7.6898956298828125,11.094174290185645
95,96,The kid fired the waitress .,kid,kid,1,9.961925506591797,14.37202052606526,9.961925506591797,14.37202052606526
95,96,The kid fired the waitress .,fired,fired,2,8.293716430664062,11.965303565058358,8.293716430664062,11.965303565058358
95,96,The kid fired the waitress .,the,the,3,2.1360621452331543,3.0816862639585128,2.1360621452331543,3.0816862639585128
95,96,The kid fired the waitress .,waitress,waitress,4,9.003707885742188,12.989604716373108,9.003707885742188,12.989604716373108
95,96,The kid fired the waitress .,.,.,5,7.632964134216309,11.012039503717189,7.632964134216309,11.012039503717189
96,97,The president caught the weather .,The,The,0,7.6898956298828125,11.094174290185645,7.6898956298828125,11.094174290185645
96,97,The president caught the weather .,president,president,1,6.899647235870361,9.954086851073415,6.899647235870361,9.954086851073415
96,97,The president caught the weather .,caught,caught,2,10.108391761779785,14.583326666082549,10.108391761779785,14.583326666082549
96,97,The president caught the weather .,the,the,3,2.264585256576538,3.2671059193332326,2.264585256576538,3.2671059193332326
96,97,The president caught the weather .,weather,weather,4,8.109533309936523,11.699583490169283,8.109533309936523,11.699583490169283
96,97,The president caught the weather .,.,.,5,6.853005409240723,9.886796919096833,6.853005409240723,9.886796919096833
97,98,The captain shot the cloud .,The,The,0,7.6898956298828125,11.094174290185645,7.6898956298828125,11.094174290185645
97,98,The captain shot the cloud .,captain,captain,1,9.102062225341797,13.131500034363373,9.102062225341797,13.131500034363373
97,98,The captain shot the cloud .,shot,shot,2,7.241719722747803,10.447593131516054,7.241719722747803,10.447593131516054
97,98,The captain shot the cloud .,the,the,3,2.786189079284668,4.019621167662978,2.786189079284668,4.019621167662978
97,98,The captain shot the cloud .,cloud,cloud,4,10.30675983428955,14.86951130056309,10.30675983428955,14.86951130056309
97,98,The captain shot the cloud .,.,.,5,8.649810791015625,12.479039132826085,8.649810791015625,12.479039132826085
98,99,The teenager dried the cake .,The,The,0,7.6898956298828125,11.094174290185645,7.6898956298828125,11.094174290185645
98,99,The teenager dried the cake .,teenager,teenager,1,10.333293914794922,14.907791886922737,10.333293914794922,14.907791886922737
98,99,The teenager dried the cake .,dried,dried,2,14.152746200561523,20.41809675851023,14.152746200561523,20.41809675851023
98,99,The teenager dried the cake .,the,the,3,3.3535029888153076,4.838082131570161,3.3535029888153076,4.838082131570161
98,99,The teenager dried the cake .,cake,cake,4,6.271544933319092,9.047926774011758,6.271544933319092,9.047926774011758
98,99,The teenager dried the cake .,.,.,5,9.127445220947266,13.16811995624629,9.127445220947266,13.16811995624629
